{
   "name": "spine-haxe",
   "url": "https://github.com/esotericsoftware/spine-runtimes",
   "license": "Spine Runtime License",
   "tags": [
      "spine",
      "2d-animation",
      "skeletal-animation",
      "starling",
      "2d",
      "gpu",
      "openfl",
      "flash",
      "air",
      "js",
      "web",
      "cpp"
   ],
   "description": "The official Spine Runtime for Haxe",
   "version": "4.2.8",
   "releasenote": "Update to 4.2.7",
   "contributors": [
      "esotericsoftware"
   ],
   "dependencies": {},
   "classPath": "spine-haxe"
}
